Requests, Fitness
1,0
2,0
3,0
4,0
5,1
6,2
7,3
8,4
9,5
10,6
11,7
12,8
13,9
14,10
15,11
16,12
17,13
18,14
19,15
20,16
21,17
22,18
23,19
24,20
25,21
26,22
27,23
28,24
29,25
30,26
31,27
32,28
33,29
34,30
35,31
36,32
37,33
38,34
39,35
40,36
41,37
42,38
43,39
44,40
45,41
46,42
47,43
48,44
49,45
50,46
51,47
52,48
53,49
54,50
55,51
56,52
57,53
58,54
59,55
60,56
61,57
62,58
63,59
64,60
65,61
66,62
67,63
68,64
69,65
70,66
71,67
72,68
73,69
74,70
75,71
76,72
77,73
78,74
79,75
80,76
81,77
82,78
83,79
84,80
85,81
86,82
87,83
88,84
89,85
90,86
91,87
92,88
93,89
94,90
95,91
96,92
97,93
98,94
99,95
100,96
101,97
102,98
103,99
104,100
105,101
106,102
107,103
108,104
109,105
110,106
111,107
112,108
113,109
114,110
115,111
116,112
117,113
118,114
119,115
120,116
121,117
122,118
123,119
124,120
125,121
126,122
127,123
128,124
129,125
130,126
131,127
132,128
133,129
134,130
135,131
136,132
137,133
138,134
139,135
140,136
141,137
142,138
143,139
144,140
145,141
146,142
147,143
148,144
149,144
150,145
151,146
152,147
153,148
154,149
155,150
156,151
157,152
158,153
159,154
160,155
161,156
162,157
163,158
164,159
165,160
166,161
167,162
168,163
169,164
170,165
171,166
172,167
173,168
174,169
175,170
176,171
177,172
178,173
179,174
180,175
181,176
182,177
183,178
184,179
185,180
186,181
187,182
188,183
189,184
190,185
191,186
192,187
193,188
194,189
195,190
196,191
197,192
198,193
199,194
200,195
201,196
202,197
203,198
204,199
205,200
206,201
207,202
208,203
209,204
210,205
211,206
212,207
213,208
214,209
215,210
216,211
217,212
218,213
219,214
220,215
221,216
222,217
223,218
224,219
225,220
226,221
227,222
228,223
229,224
230,225
231,226
232,227
233,228
234,229
235,230
236,231
237,232
238,233
239,234
240,235
241,236
242,237
243,238
244,239
245,240
246,241
247,242
248,243
249,244
250,245
251,246
252,247
253,248
254,249
255,250
256,251
257,252
258,253
259,254
260,255
261,256
262,257
263,258
264,259
265,260
266,261
267,262
268,263
269,264
270,265
271,266
272,267
273,268
274,269
275,270
276,271
277,272
278,273
279,274
280,275
281,276
282,277
283,278
284,279
285,280
286,281
287,282
288,283
289,284
290,285
291,286
292,287
293,288
294,288
295,289
296,290
297,291
298,292
299,293
300,294
301,295
302,296
303,297
304,298
305,299
306,300
307,301
308,302
309,303
310,304
311,305
312,306
313,307
314,308
315,309
316,310
317,311
318,312
319,313
320,314
321,315
322,316
323,317
324,318
325,319
326,320
327,321
328,322
329,323
330,324
331,325
332,326
333,327
334,328
335,329
336,330
337,331
338,332
339,333
340,334
341,335
342,336
343,337
344,338
345,339
346,340
347,341
348,342
349,343
350,344
351,345
352,346
353,347
354,348
355,349
356,350
357,351
358,352
359,353
360,354
361,355
362,356
363,357
364,358
365,359
366,360
367,361
368,362
369,363
370,364
371,365
372,366
373,367
374,368
375,369
376,370
377,371
378,372
379,373
380,374
381,375
382,376
383,377
384,378
385,379
386,380
387,381
388,382
389,383
390,384
391,385
392,386
393,387
394,388
395,389
396,390
397,391
398,392
399,393
400,394
401,395
402,396
403,397
404,398
405,399
406,400
407,401
408,402
409,403
410,404
411,405
412,406
413,407
414,408
415,409
416,410
417,411
418,412
419,413
420,414
421,415
422,416
423,417
424,418
425,419
426,420
427,421
428,422
429,423
430,424
431,425
432,426
433,427
434,428
435,429
436,430
437,431
438,432
439,433
440,434
441,435
442,436
443,437
444,438
445,439
446,440
447,441
448,442
449,443
450,444
451,445
452,446
453,447
454,448
455,449
456,450
457,451
458,452
459,453
460,454
461,455
462,456
463,457
464,458
465,458
466,459
467,460
468,461
469,462
470,463
471,464
472,465
473,466
474,467
475,468
476,469
477,470
478,471
479,472
480,473
481,474
482,475
483,476
484,477
485,478
486,479
487,480
488,481
489,482
490,483
491,484
492,485
493,486
494,487
495,488
496,489
497,490
498,491
499,492
500,493
501,494
502,495
503,496
504,497
505,498
506,499
507,500
508,501
509,502
510,503
511,504
512,505
513,506
514,507
515,508
516,509
517,510
518,511
519,512
520,513
521,514
522,515
523,516
524,517
525,518
526,519
527,520
528,521
529,522
530,523
531,524
532,525
533,526
534,527
535,528
536,529
537,530
538,531
539,532
540,533
541,534
542,535
543,536
544,537
545,538
546,539
547,540
548,541
549,542
550,543
551,544
552,545
553,546
554,547
555,548
556,549
557,550
558,551
559,552
560,553
561,554
562,555
563,556
564,557
565,558
566,559
567,560
568,561
569,562
570,563
571,564
572,565
573,566
574,567
575,568
576,569
577,570
578,571
579,572
580,573
581,574
582,575
583,576
584,577
585,578
586,579
587,580
588,581
589,582
590,583
591,584
592,585
593,586
594,587
595,588
596,588
597,86102
598,86102
599,86103
600,86104
601,86105
602,86106
603,86107
604,86108
605,86109
606,86110
607,86111
608,86112
609,86113
610,86114
611,86115
612,86116
613,86117
614,86118
615,86119
616,86120
617,86121
618,86122
619,86123
620,86124
621,86125
622,86126
623,86127
624,86128
625,86129
626,86130
627,86131
628,86132
629,86133
630,86134
631,86135
632,86136
633,86137
634,86138
635,86139
636,86140
637,86141
638,86142
639,86143
640,86144
641,86145
642,86146
643,86147
644,86148
645,86149
646,86150
647,86151
648,86152
649,86153
650,86154
651,86155
652,86156
653,86157
654,86158
655,86159
656,86160
657,86161
658,86162
659,86163
660,86164
661,86165
662,86166
663,86167
664,86168
665,86169
666,86170
667,86171
668,86172
669,86173
670,86174
671,86175
672,86176
673,86177
674,86178
675,86179
676,86180
677,86181
678,86182
679,86183
680,86184
681,86185
682,86186
683,86187
684,86188
685,86189
686,86190
687,86191
688,86192
689,86193
690,86194
691,86195
692,86196
693,86197
694,86198
695,86199
696,86200
697,86201
698,86202
699,86203
700,86204
701,86205
702,86206
703,86207
704,86208
705,86209
706,86210
707,86211
708,86212
709,86213
710,86214
711,86215
712,86216
713,86217
714,86218
715,86219
716,86220
717,86221
718,86222
719,86223
720,86224
721,86225
722,86226
723,86227
724,86228
725,86229
726,86230
727,86231
728,86232
729,86233
730,86234
731,86235
732,86236
733,86237
734,86238
735,86239
736,86240
737,86241
738,86242
739,86243
740,86244
741,86245
742,86246
743,86247
744,86248
745,86249
746,86250
747,86251
748,86252
749,86253
750,86254
751,86255
752,86256
753,86257
754,86258
755,86259
756,86260
757,86261
758,86262
759,86263
760,86264
761,86265
762,86266
763,86267
764,86268
765,86269
766,86270
767,86271
768,86272
769,86273
770,86274
771,86275
772,86276
773,86277
774,86278
775,86279
776,86280
777,86281
778,86282
779,86283
780,86284
781,86285
782,86286
783,86287
784,86288
785,86289
786,86290
787,86291
788,86292
789,86293
790,86294
791,86295
792,86296
793,86297
794,86298
795,86299
796,86300
797,86301
798,86302
799,86303
800,86304
801,86305
802,86306
803,86307
804,86308
805,86309
806,86310
807,86311
808,86312
809,86313
810,86314
811,86315
812,86316
813,86317
814,86318
815,86319
816,86320
817,86321
818,86322
819,86323
820,86324
821,86325
822,86326
823,86327
824,86328
825,86329
826,86330
827,86331
828,86332
829,86333
830,86334
831,86335
832,86336
833,86337
834,86338
835,86339
836,86340
837,86341
838,86342
839,86343
840,86344
841,86345
842,86346
843,86347
844,86348
845,86349
846,86350
847,86351
848,86352
849,86352
850,86353
851,86354
852,86355
853,86356
854,86357
855,86358
856,86359
857,86360
858,86361
859,86362
860,86363
861,86364
862,86365
863,86366
864,86367
865,86368
866,86369
867,86370
868,86371
869,86372
870,86373
871,86374
872,86375
873,86376
874,86377
875,86378
876,86379
877,86380
878,86381
879,86382
880,86383
881,86384
882,86385
883,86386
884,86387
885,86388
886,86389
887,86390
888,86391
889,86392
890,86393
891,86394
892,86395
893,86396
894,86397
895,86398
896,86399
897,86400
898,86401
899,86402
900,86403
901,86404
902,86405
903,86406
904,86407
905,86408
906,86409
907,86410
908,86411
909,86412
910,86413
911,86414
912,86415
913,86416
914,86417
915,86418
916,86419
917,86420
918,86421
919,86422
920,86423
921,86424
922,86425
923,86426
924,86427
925,86428
926,86429
927,86430
928,86431
929,86432
930,86433
931,86434
932,86435
933,86436
934,86437
935,86438
936,86439
937,86440
938,86441
939,86442
940,86443
941,86444
942,86445
943,86446
944,86447
945,86448
946,86449
947,86450
948,86451
949,86452
950,86453
951,86454
952,86455
953,86456
954,86457
955,86458
956,86459
957,86460
958,86461
959,86462
960,86463
961,86464
962,86465
963,86466
964,86467
965,86468
966,86469
967,86470
968,86471
969,86472
970,86473
971,86474
972,86475
973,86476
974,86477
975,86478
976,86479
977,86480
978,86481
979,86482
980,86483
981,86484
982,86485
983,86486
984,86487
985,86488
986,86489
987,86490
988,86491
989,86492
990,86493
991,86494
992,86495
993,86496
994,86497
995,86498
996,86499
997,86500
998,86501
999,86502
1000,86503
